{"info": {"description": null, "url": null, "version": null, "year": 2023, "contributor": null, "date_created": "2023-02-14 20:14:50.879820"}, "licenses": [{"url": null, "id": 0, "name": null}], "images": [{"license": 0, "url": null, "file_name": "JPEGImages/8.jpg", "height": 399, "width": 600, "date_captured": null, "id": 0}, {"license": 0, "url": null, "file_name": "JPEGImages/20.jpg", "height": 183, "width": 275, "date_captured": null, "id": 1}, {"license": 0, "url": null, "file_name": "JPEGImages/14.jpg", "height": 426, "width": 640, "date_captured": null, "id": 2}, {"license": 0, "url": null, "file_name": "JPEGImages/1.jpg", "height": 426, "width": 640, "date_captured": null, "id": 3}, {"license": 0, "url": null, "file_name": "JPEGImages/19.jpg", "height": 390, "width": 570, "date_captured": null, "id": 4}, {"license": 0, "url": null, "file_name": "JPEGImages/4.jpg", "height": 375, "width": 500, "date_captured": null, "id": 5}, {"license": 0, "url": null, "file_name": "JPEGImages/32.jpg", "height": 183, "width": 275, "date_captured": null, "id": 6}, {"license": 0, "url": null, "file_name": "JPEGImages/18.jpg", "height": 768, "width": 1024, "date_captured": null, "id": 7}, {"license": 0, "url": null, "file_name": "JPEGImages/29.jpg", "height": 183, "width": 275, "date_captured": null, "id": 8}, {"license": 0, "url": null, "file_name": "JPEGImages/34.jpg", "height": 183, "width": 275, "date_captured": null, "id": 9}, {"license": 0, "url": null, "file_name": "JPEGImages/22.jpg", "height": 375, "width": 500, "date_captured": null, "id": 10}, {"license": 0, "url": null, "file_name": "JPEGImages/25.jpg", "height": 183, "width": 275, "date_captured": null, "id": 11}, {"license": 0, "url": null, "file_name": "JPEGImages/33.jpg", "height": 640, "width": 640, "date_captured": null, "id": 12}, {"license": 0, "url": null, "file_name": "JPEGImages/27.jpg", "height": 194, "width": 259, "date_captured": null, "id": 13}, {"license": 0, "url": null, "file_name": "JPEGImages/12.jpg", "height": 194, "width": 259, "date_captured": null, "id": 14}, {"license": 0, "url": null, "file_name": "JPEGImages/23.jpg", "height": 484, "width": 900, "date_captured": null, "id": 15}, {"license": 0, "url": null, "file_name": "JPEGImages/13.jpg", "height": 194, "width": 259, "date_captured": null, "id": 16}, {"license": 0, "url": null, "file_name": "JPEGImages/39.jpg", "height": 194, "width": 259, "date_captured": null, "id": 17}, {"license": 0, "url": null, "file_name": "JPEGImages/28.jpg", "height": 253, "width": 199, "date_captured": null, "id": 18}, {"license": 0, "url": null, "file_name": "JPEGImages/15.jpg", "height": 194, "width": 259, "date_captured": null, "id": 19}, {"license": 0, "url": null, "file_name": "JPEGImages/37.jpg", "height": 450, "width": 600, "date_captured": null, "id": 20}, {"license": 0, "url": null, "file_name": "JPEGImages/5.jpg", "height": 640, "width": 426, "date_captured": null, "id": 21}, {"license": 0, "url": null, "file_name": "JPEGImages/11.jpg", "height": 195, "width": 259, "date_captured": null, "id": 22}, {"license": 0, "url": null, "file_name": "JPEGImages/35.jpg", "height": 428, "width": 640, "date_captured": null, "id": 23}, {"license": 0, "url": null, "file_name": "JPEGImages/21.jpg", "height": 640, "width": 426, "date_captured": null, "id": 24}, {"license": 0, "url": null, "file_name": "JPEGImages/26.jpg", "height": 223, "width": 226, "date_captured": null, "id": 25}, {"license": 0, "url": null, "file_name": "JPEGImages/2.jpg", "height": 640, "width": 480, "date_captured": null, "id": 26}, {"license": 0, "url": null, "file_name": "JPEGImages/7.jpg", "height": 297, "width": 448, "date_captured": null, "id": 27}, {"license": 0, "url": null, "file_name": "JPEGImages/38.jpg", "height": 156, "width": 240, "date_captured": null, "id": 28}, {"license": 0, "url": null, "file_name": "JPEGImages/9.jpg", "height": 406, "width": 640, "date_captured": null, "id": 29}, {"license": 0, "url": null, "file_name": "JPEGImages/3.jpg", "height": 259, "width": 192, "date_captured": null, "id": 30}, {"license": 0, "url": null, "file_name": "JPEGImages/24.jpg", "height": 251, "width": 201, "date_captured": null, "id": 31}, {"license": 0, "url": null, "file_name": "JPEGImages/36.jpg", "height": 379, "width": 460, "date_captured": null, "id": 32}, {"license": 0, "url": null, "file_name": "JPEGImages/6.jpg", "height": 531, "width": 945, "date_captured": null, "id": 33}, {"license": 0, "url": null, "file_name": "JPEGImages/16.jpg", "height": 194, "width": 259, "date_captured": null, "id": 34}, {"license": 0, "url": null, "file_name": "JPEGImages/30.jpg", "height": 194, "width": 259, "date_captured": null, "id": 35}, {"license": 0, "url": null, "file_name": "JPEGImages/17.jpg", "height": 247, "width": 204, "date_captured": null, "id": 36}, {"license": 0, "url": null, "file_name": "JPEGImages/31.jpg", "height": 388, "width": 550, "date_captured": null, "id": 37}, {"license": 0, "url": null, "file_name": "JPEGImages/10.jpg", "height": 194, "width": 259, "date_captured": null, "id": 38}, {"license": 0, "url": null, "file_name": "JPEGImages/40.jpg", "height": 445, "width": 634, "date_captured": null, "id": 39}], "type": "instances", "annotations": [{"id": 0, "image_id": 0, "category_id": 1, "segmentation": [[224.45652173913044, 51.67391304347825, 198.91304347826087, 39.17391304347826, 157.6086956521739, 41.891304347826086, 115.76086956521739, 73.95652173913044, 86.95652173913044, 127.76086956521738, 75.0, 200.04347826086956, 98.91304347826086, 265.80434782608694, 130.97826086956522, 317.4347826086956, 143.47826086956522, 352.7608695652174, 140.2173913043478, 376.1304347826087, 156.52173913043478, 379.39130434782606, 175.54347826086956, 367.9782608695652, 166.30434782608694, 355.4782608695652, 171.19565217391303, 306.5652173913043, 190.76086956521738, 273.95652173913044, 208.69565217391303, 330.4782608695652, 217.93478260869566, 346.7826086956522, 241.30434782608694, 356.02173913043475, 249.45652173913044, 345.695652173913, 239.1304347826087, 316.89130434782606, 259.7826086956522, 262.0, 303.80434782608694, 257.1086956521739, 340.2173913043478, 281.5652173913043, 385.32608695652175, 296.7826086956522, 410.8695652173913, 291.3478260869565, 419.02173913043475, 283.195652173913, 386.4130434782609, 245.15217391304344, 354.89130434782606, 187.54347826086956, 315.7608695652174, 135.91304347826087, 308.15217391304344, 108.19565217391303, 313.5869565217391, 91.34782608695652, 325.54347826086956, 71.23913043478261, 320.1086956521739, 59.28260869565217, 304.3478260869565, 57.10869565217391, 281.52173913043475, 64.71739130434783, 256.52173913043475, 58.73913043478261]], "area": 64747.0, "bbox": [75.0, 39.0, 345.0, 341.0], "iscrowd": 0}, {"id": 1, "image_id": 1, "category_id": 1, "segmentation": [[88.0597014925373, 9.427860696517412, 84.57711442786069, 30.07462686567164, 92.28855721393033, 47.98507462686567, 87.81094527363183, 67.636815920398, 78.60696517412934, 75.59701492537313, 93.78109452736318, 91.76616915422885, 74.62686567164178, 120.12437810945272, 38.308457711442784, 121.36815920398008, 21.144278606965173, 116.6417910447761, 11.44278606965174, 126.09452736318406, 11.194029850746267, 140.273631840796, 18.40796019900497, 148.98009950248755, 28.358208955223876, 149.72636815920396, 35.57213930348258, 143.75621890547262, 47.014925373134325, 144.0049751243781, 60.199004975124375, 151.46766169154228, 77.61194029850745, 152.46268656716416, 54.22885572139303, 168.13432835820893, 48.75621890547263, 181.0696517412935, 61.19402985074626, 181.31840796019898, 87.0646766169154, 170.87064676616913, 124.87562189054725, 170.12437810945272, 142.53731343283582, 178.08457711442784, 147.0, 182.0, 225.0, 182.0, 253.73134328358205, 165.14925373134326, 273.88059701492534, 166.6417910447761, 273.63184079601984, 119.62686567164178, 261.94029850746267, 107.6865671641791, 239.05472636815918, 99.22885572139302, 213.93034825870643, 74.10447761194028, 199.7512437810945, 55.94527363184079, 186.0696517412935, 31.069651741293526, 192.28855721393032, 12.412935323383081, 188.8059701492537, 0.7213930348258701, 176.1194029850746, 3.457711442786069, 169.15422885572139, 13.407960199004972, 148.25870646766168, 11.41791044776119, 109.70149253731341, 20.124378109452735, 103.48258706467661, 12.164179104477611]], "area": 27450.0, "bbox": [11.0, 0.0, 263.0, 183.0], "iscrowd": 0}, {"id": 2, "image_id": 2, "category_id": 1, "segmentation": [[131.55813953488374, 61.0, 133.88372093023256, 79.6046511627907, 147.25581395348837, 101.11627906976744, 132.72093023255815, 149.95348837209303, 141.4418604651163, 186.0, 161.7906976744186, 198.7906976744186, 172.8372093023256, 219.72093023255815, 205.97674418604652, 227.86046511627907, 261.7906976744186, 287.74418604651163, 311.2093023255814, 333.6744186046512, 325.74418604651163, 394.13953488372096, 425.74418604651163, 341.2325581395349, 475.16279069767444, 285.4186046511628, 537.953488372093, 167.97674418604652, 569.3488372093024, 121.46511627906978, 560.046511627907, 82.51162790697674, 518.1860465116279, 26.69767441860465, 471.0, 0.0, 344.0, 0.0, 282.72093023255815, 33.093023255813954, 201.90697674418604, 70.30232558139535, 156.55813953488374, 56.34883720930233]], "area": 107703.0, "bbox": [131.0, 0.0, 439.0, 395.0], "iscrowd": 0}, {"id": 3, "image_id": 3, "category_id": 1, "segmentation": [[128.06976744186048, 58.674418604651166, 115.27906976744187, 72.62790697674419, 117.0232558139535, 93.55813953488372, 134.46511627906978, 149.95348837209303, 117.0232558139535, 194.72093023255815, 114.11627906976744, 239.48837209302326, 105.3953488372093, 264.48837209302326, 142.6046511627907, 307.51162790697674, 160.04651162790697, 331.3488372093023, 173.41860465116278, 338.90697674418607, 185.62790697674419, 300.5348837209302, 207.13953488372093, 301.69767441860466, 203.06976744186048, 327.27906976744185, 202.48837209302326, 345.30232558139534, 224.0, 352.8604651162791, 237.95348837209303, 333.09302325581393, 237.37209302325581, 296.4651162790698, 249.0, 273.2093023255814, 283.8837209302326, 296.4651162790698, 291.4418604651163, 281.93023255813955, 285.6279069767442, 263.90697674418607, 304.2325581395349, 251.69767441860466, 320.51162790697674, 277.8604651162791, 326.90697674418607, 316.2325581395349, 350.74418604651163, 328.4418604651163, 347.83720930232556, 236.0, 384.4651162790698, 176.69767441860466, 394.34883720930236, 145.88372093023256, 382.72093023255815, 119.13953488372093, 394.93023255813955, 92.3953488372093, 389.1162790697675, 71.46511627906978, 367.0232558139535, 71.46511627906978, 349.5813953488372, 88.90697674418605, 287.95348837209303, 84.83720930232559, 254.2325581395349, 69.13953488372093, 240.86046511627907, 76.11627906976744, 236.7906976744186, 98.79069767441861, 199.58139534883722, 101.11627906976744, 188.53488372093022, 101.11627906976744, 172.8372093023256, 72.62790697674419, 153.06976744186048, 56.93023255813954, 134.46511627906978, 56.34883720930233]], "area": 56693.0, "bbox": [105.0, 56.0, 290.0, 297.0], "iscrowd": 0}, {"id": 4, "image_id": 4, "category_id": 1, "segmentation": [[213.4020618556701, 60.49484536082474, 208.76288659793815, 74.9278350515464, 219.58762886597938, 99.6701030927835, 213.4020618556701, 129.56701030927834, 204.1237113402062, 156.37113402061857, 214.43298969072166, 180.08247422680412, 191.23711340206185, 207.91752577319588, 170.61855670103094, 259.4639175257732, 180.41237113402062, 329.5670103092784, 150.51546391752578, 340.3917525773196, 120.61855670103093, 388.8453608247423, 262.88659793814435, 388.8453608247423, 270.6185567010309, 379.0515463917526, 287.62886597938143, 372.8659793814433, 315.4639175257732, 378.02061855670104, 344.3298969072165, 375.4432989690722, 333.50515463917526, 355.340206185567, 362.37113402061857, 317.7113402061856, 373.7113402061856, 196.06185567010309, 362.88659793814435, 156.37113402061857, 361.340206185567, 108.94845360824742, 338.1443298969072, 83.17525773195877, 345.36082474226805, 50.18556701030928, 336.08247422680415, 39.876288659793815, 310.30927835051546, 55.855670103092784, 302.0618556701031, 62.55670103092784, 275.2577319587629, 58.432989690721655, 247.93814432989691, 73.38144329896907, 229.89690721649484, 58.432989690721655]], "area": 56459.0, "bbox": [120.0, 39.0, 254.0, 350.0], "iscrowd": 0}, {"id": 5, "image_id": 5, "category_id": 1, "segmentation": [[177.26923076923077, 9.615384615384615, 171.01923076923077, 39.90384615384615, 118.13461538461539, 78.36538461538461, 88.32692307692308, 149.03846153846155, 83.51923076923076, 232.69230769230768, 79.1923076923077, 279.8076923076923, 70.0576923076923, 315.8653846153846, 91.6923076923077, 333.65384615384613, 111.40384615384615, 322.1153846153846, 122.94230769230768, 303.8461538461538, 138.8076923076923, 295.6730769230769, 181.59615384615384, 293.2692307692308, 224.3846153846154, 319.2307692307692, 225.82692307692307, 338.9423076923077, 228.23076923076923, 356.7307692307692, 244.0961538461538, 367.3076923076923, 270.0576923076923, 356.25, 266.6923076923077, 314.90384615384613, 278.71153846153845, 308.1730769230769, 312.3653846153846, 313.46153846153845, 353.2307692307692, 311.53846153846155, 390.7307692307692, 306.25, 389.7692307692308, 281.25, 378.71153846153845, 263.9423076923077, 388.8076923076923, 211.53846153846152, 360.4423076923077, 189.4230769230769, 359.96153846153845, 149.03846153846155, 362.3653846153846, 102.40384615384615, 353.2307692307692, 84.61538461538461, 372.46153846153845, 48.55769230769231, 371.9807692307692, 25.48076923076923, 356.5961538461538, 20.19230769230769, 323.90384615384613, 37.01923076923077, 270.53846153846155, 27.403846153846153, 230.15384615384613, 25.0, 212.84615384615384, 24.038461538461537, 196.5, 6.25]], "area": 79429.0, "bbox": [70.0, 6.0, 321.0, 362.0], "iscrowd": 0}, {"id": 6, "image_id": 6, "category_id": 1, "segmentation": [[159.95024875621888, 23.60696517412935, 146.01990049751242, 21.119402985074625, 141.79104477611938, 29.825870646766163, 147.0149253731343, 42.014925373134325, 135.3233830845771, 49.22885572139303, 116.66666666666666, 69.87562189054725, 108.20895522388058, 84.30348258706466, 103.98009950248755, 109.92537313432834, 105.72139303482585, 144.25373134328356, 96.2686567164179, 153.955223880597, 64.17910447761193, 163.15920398009948, 72.13930348258705, 179.82587064676613, 94.77611940298506, 179.07960199004972, 133.08457711442784, 176.34328358208953, 148.0099502487562, 171.61691542288554, 182.33830845771143, 169.1293532338308, 187.0646766169154, 175.34825870646765, 210.19900497512435, 175.34825870646765, 209.45273631840794, 168.88059701492534, 198.25870646766168, 158.4328358208955, 203.4825870646766, 140.02487562189054, 214.92537313432834, 147.23880597014923, 223.3830845771144, 159.92537313432834, 230.8457711442786, 161.4179104477612, 232.08955223880594, 149.4776119402985, 220.14925373134326, 127.83582089552237, 226.1194029850746, 106.6915422885572, 223.63184079601987, 68.13432835820895, 215.92039800995022, 39.27860696517413, 212.18905472636814, 36.04477611940298, 215.42288557213928, 17.636815920398007, 212.4378109452736, 14.154228855721392, 203.4825870646766, 15.646766169154226, 193.78109452736317, 21.119402985074625, 179.60199004975124, 20.870646766169152, 168.90547263681592, 20.124378109452735]], "area": 17040.0, "bbox": [64.0, 14.0, 169.0, 166.0], "iscrowd": 0}, {"id": 7, "image_id": 7, "category_id": 1, "segmentation": [[481.82178217821786, 212.84158415841583, 396.6732673267327, 273.23762376237624, 351.1287128712871, 375.2178217821782, 353.1089108910891, 467.2970297029703, 346.1782178217822, 533.6336633663366, 224.3960396039604, 523.7326732673267, 164.0, 592.049504950495, 258.05940594059405, 602.940594059406, 410.53465346534654, 629.6732673267327, 458.05940594059405, 554.4257425742575, 527.3663366336633, 599.9702970297029, 515.4851485148515, 705.9108910891089, 615.4851485148515, 697.0, 677.8613861386139, 609.8712871287129, 712.5148514851485, 722.7425742574258, 746.1782178217821, 748.4851485148515, 757.0693069306931, 689.0792079207921, 765.980198019802, 540.5643564356435, 773.9009900990098, 467.2970297029703, 786.7722772277227, 335.61386138613864, 704.5940594059406, 224.72277227722773, 635.2871287128713, 178.1881188118812, 531.3267326732673, 202.94059405940595]], "area": 189069.0, "bbox": [164.0, 178.0, 623.0, 571.0], "iscrowd": 0}, {"id": 8, "image_id": 8, "category_id": 1, "segmentation": [[140.0497512437811, 21.865671641791042, 141.5422885572139, 30.07462686567164, 132.83582089552237, 30.57213930348258, 98.50746268656715, 27.089552238805965, 66.66666666666666, 47.23880597014925, 46.76616915422885, 85.54726368159203, 51.741293532338304, 159.67661691542287, 60.94527363184079, 172.36318407960198, 93.28358208955223, 170.12437810945272, 96.2686567164179, 135.54726368159203, 108.20895522388058, 131.81592039800992, 107.71144278606964, 163.65671641791042, 120.89552238805969, 170.62189054726366, 157.71144278606963, 168.88059701492534, 159.95024875621888, 160.1741293532338, 148.75621890547262, 158.18407960199002, 129.8507462686567, 160.92039800995022, 141.79104477611938, 126.09452736318406, 159.20398009950247, 142.76119402985074, 173.3830845771144, 163.15920398009948, 179.10447761194027, 168.13432835820893, 193.5323383084577, 160.92039800995022, 171.6417910447761, 111.41791044776119, 174.3781094527363, 106.6915422885572, 184.3283582089552, 105.44776119402984, 191.5422885572139, 80.3233830845771, 206.46766169154228, 74.10447761194028, 215.92039800995022, 55.696517412935314, 208.45771144278604, 34.30348258706467, 213.18407960199002, 18.134328358208954, 209.45273631840794, 12.164179104477611, 200.99502487562188, 12.910447761194028, 195.02487562189052, 16.641791044776117, 163.18407960199002, 17.388059701492534, 154.22885572139302, 13.407960199004972, 146.01990049751242, 13.656716417910445]], "area": 19207.0, "bbox": [46.0, 12.0, 170.0, 161.0], "iscrowd": 0}, {"id": 9, "image_id": 9, "category_id": 1, "segmentation": [[105.72139303482585, 5.945273631840795, 80.09950248756218, 21.61691542288557, 63.93034825870646, 49.22885572139303, 69.40298507462686, 82.0646766169154, 55.721393034825866, 96.24378109452735, 33.08457711442786, 98.73134328358208, 37.81094527363184, 122.11442786069651, 54.72636815920397, 123.60696517412933, 77.36318407960198, 113.9054726368159, 88.0597014925373, 128.58208955223878, 91.79104477611939, 145.24875621890544, 119.15422885572139, 149.22885572139302, 126.36815920398008, 153.70646766169153, 128.0, 182.0, 142.0, 182.0, 154.97512437810943, 165.6467661691542, 179.60199004975124, 153.20895522388057, 187.56218905472636, 128.08457711442784, 184.82587064676613, 95.24875621890546, 188.30845771144277, 71.11940298507461, 181.34328358208953, 45.99502487562189, 160.9452736318408, 15.149253731343283, 144.02985074626864, 3.955223880597014, 126.86567164179102, 1.467661691542288]], "area": 17210.0, "bbox": [33.0, 1.0, 156.0, 182.0], "iscrowd": 0}, {"id": 10, "image_id": 10, "category_id": 1, "segmentation": [[64.76923076923076, 189.4230769230769, 71.01923076923076, 214.4230769230769, 45.53846153846153, 283.1730769230769, 44.57692307692307, 294.71153846153845, 171.01923076923077, 302.40384615384613, 159.96153846153845, 282.21153846153845, 146.01923076923077, 256.7307692307692, 145.53846153846152, 214.90384615384616, 138.32692307692307, 204.32692307692307, 149.8653846153846, 186.53846153846152, 141.21153846153845, 178.3653846153846, 127.26923076923077, 187.98076923076923, 102.26923076923076, 183.1730769230769, 84.0, 185.57692307692307, 70.53846153846153, 182.69230769230768]], "area": 10446.0, "bbox": [44.0, 178.0, 128.0, 125.0], "iscrowd": 0}, {"id": 11, "image_id": 10, "category_id": 1, "segmentation": [[324.38461538461536, 177.8846153846154, 332.5576923076923, 193.26923076923077, 323.4230769230769, 241.82692307692307, 309.0, 241.82692307692307, 310.9230769230769, 308.65384615384613, 412.3653846153846, 309.13461538461536, 415.7307692307692, 284.6153846153846, 407.07692307692304, 273.0769230769231, 400.82692307692304, 263.9423076923077, 403.71153846153845, 217.3076923076923, 403.2307692307692, 200.96153846153845, 411.88461538461536, 187.01923076923077, 404.1923076923077, 178.84615384615384, 390.25, 180.28846153846152, 351.78846153846155, 179.8076923076923, 335.4423076923077, 178.3653846153846]], "area": 11491.0, "bbox": [309.0, 177.0, 107.0, 133.0], "iscrowd": 0}, {"id": 12, "image_id": 11, "category_id": 1, "segmentation": [[154.4776119402985, 37.537313432835816, 123.13432835820895, 37.537313432835816, 87.81094527363183, 58.68159203980099, 73.13432835820895, 82.81094527363183, 57.71144278606965, 118.13432835820895, 30.845771144278604, 137.7860696517413, 33.08457711442786, 154.45273631840794, 42.288557213930346, 154.95024875621888, 76.36815920398008, 138.78109452736317, 90.29850746268656, 120.12437810945272, 108.955223880597, 133.8059701492537, 109.45273631840794, 142.26368159203977, 141.29353233830844, 158.93034825870646, 155.72139303482587, 154.95024875621888, 151.7412935323383, 148.23383084577114, 140.29850746268656, 141.51741293532336, 149.7512437810945, 138.03482587064676, 165.1741293532338, 140.77114427860695, 162.68656716417908, 155.9452736318408, 166.4179104477612, 166.14427860696514, 176.36815920398007, 175.09950248756218, 186.56716417910445, 171.1194029850746, 178.1094527363184, 154.95024875621888, 178.35820895522386, 142.51243781094524, 187.56218905472636, 124.1044776119403, 203.98009950248755, 122.36318407960198, 205.2238805970149, 142.26368159203977, 215.1741293532338, 149.4776119402985, 224.87562189054725, 145.99502487562188, 224.87562189054725, 138.5323383084577, 214.67661691542287, 132.06467661691542, 212.4378109452736, 125.59701492537312, 218.9054726368159, 110.92039800995023, 239.30348258706465, 105.69651741293531, 248.75621890547262, 83.30845771144277, 247.51243781094524, 70.3731343283582, 252.73631840796017, 54.45273631840795, 248.25870646766165, 48.23383084577114, 237.0646766169154, 50.721393034825866, 210.44776119402982, 48.48258706467661, 204.97512437810943, 41.26865671641791, 199.50248756218903, 43.00995024875621, 196.2686567164179, 48.23383084577114, 178.1094527363184, 40.273631840796014]], "area": 17214.0, "bbox": [30.0, 37.0, 223.0, 139.0], "iscrowd": 0}, {"id": 13, "image_id": 12, "category_id": 1, "segmentation": [[361.26229508196724, 86.88524590163935, 315.3606557377049, 128.68852459016395, 285.0327868852459, 180.32786885245903, 194.04918032786884, 290.9836065573771, 128.47540983606558, 401.6393442622951, 153.88524590163934, 489.344262295082, 132.57377049180326, 519.672131147541, 110.44262295081967, 554.0983606557377, 110.44262295081967, 581.9672131147541, 176.01639344262298, 573.7704918032787, 221.91803278688525, 570.4918032786885, 262.9016393442623, 589.344262295082, 359.62295081967216, 578.688524590164, 391.5901639344262, 603.2786885245902, 505.5245901639345, 587.7049180327868, 571.9180327868853, 472.95081967213116, 517.0, 318.0327868852459, 553.0655737704918, 285.24590163934425, 548.1475409836065, 264.75409836065575, 530.1147540983607, 240.1639344262295, 474.37704918032784, 239.34426229508196, 407.983606557377, 170.49180327868854, 394.04918032786884, 159.01639344262296, 388.311475409836, 103.27868852459017]], "area": 152396.0, "bbox": [110.0, 86.0, 462.0, 518.0], "iscrowd": 0}, {"id": 14, "image_id": 13, "category_id": 1, "segmentation": [[86.30024813895781, 37.96526054590571, 62.478908188585606, 55.334987593052105, 55.282878411910666, 83.62282878411911, 53.54590570719603, 128.53598014888337, 59.253101736972695, 156.57568238213398, 57.019851116625304, 168.2382133995037, 80.09677419354838, 162.03473945409428, 87.29280397022332, 142.43176178660048, 99.4516129032258, 152.1091811414392, 101.43672456575682, 169.97518610421835, 113.09925558312655, 168.73449131513647, 119.0545905707196, 167.99007444168734, 113.5955334987593, 147.39454094292802, 112.60297766749379, 131.2655086848635, 116.8213399503722, 130.272952853598, 127.98759305210916, 147.14640198511165, 130.71712158808933, 167.24565756823822, 142.8759305210918, 165.75682382133994, 146.34987593052108, 157.5682382133995, 140.89081885856078, 145.90570719602977, 148.08684863523573, 125.55831265508684, 147.0942928039702, 102.23325062034739, 142.62779156327542, 76.17866004962778, 130.46898263027293, 54.3424317617866, 114.33995037220843, 38.21339950372208, 100.94044665012406, 33.002481389578165]], "area": 10070.0, "bbox": [53.0, 33.0, 96.0, 137.0], "iscrowd": 0}, {"id": 15, "image_id": 14, "category_id": 1, "segmentation": [[62.478908188585606, 21.339950372208435, 58.75682382133995, 27.543424317617863, 63.71960297766749, 44.91315136476427, 59.749379652605455, 74.68982630272953, 48.334987593052105, 120.84367245657567, 31.70967741935484, 141.43920595533498, 30.468982630272947, 174.68982630272953, 74.3895781637717, 176.9230769230769, 97.46650124069478, 175.9305210918114, 101.43672456575682, 122.33250620347394, 127.24317617866004, 81.88585607940446, 126.00248138957815, 51.36476426799007, 118.31017369727046, 39.702233250620345, 123.27295285359801, 21.83622828784119, 117.56575682382133, 18.858560794044664, 105.65508684863524, 30.52109181141439, 78.60794044665012, 32.25806451612903, 73.14888337468982, 24.317617866004962]], "area": 9634.0, "bbox": [30.0, 18.0, 98.0, 159.0], "iscrowd": 0}, {"id": 16, "image_id": 14, "category_id": 1, "segmentation": [[144.86104218362283, 46.401985111662526, 130.71712158808933, 38.21339950372208, 124.76178660049627, 44.66501240694789, 133.69478908188586, 68.4863523573201, 124.5136476426799, 86.35235732009924, 104.16625310173697, 120.34739454094291, 99.94789081885855, 158.56079404466502, 97.2183622828784, 177.91563275434243, 148.58312655086849, 188.58560794044664, 162.727047146402, 188.58560794044664, 180.8411910669975, 190.07444168734492, 242.0, 193.0, 251.31265508684862, 185.6079404466501, 252.30521091811414, 175.43424317617865, 228.7320099255583, 171.712158808933, 229.7245657568238, 141.43920595533498, 212.85111662531017, 104.2183622828784, 203.6699751861042, 106.69975186104217, 195.72952853598014, 99.00744416873448, 192.50372208436724, 64.51612903225806, 196.72208436724566, 38.95781637717121, 191.51116625310172, 35.483870967741936, 177.11910669975185, 47.14640198511166]], "area": 14974.0, "bbox": [97.0, 35.0, 156.0, 159.0], "iscrowd": 0}, {"id": 17, "image_id": 15, "category_id": 1, "segmentation": [[408.9430894308943, 106.92682926829269, 408.9430894308943, 132.9430894308943, 331.7073170731707, 156.52032520325204, 295.9349593495935, 191.479674796748, 275.609756097561, 241.8861788617886, 248.78048780487805, 283.349593495935, 230.89430894308944, 306.9268292682927, 186.9918699186992, 359.7723577235772, 191.0569105691057, 383.349593495935, 212.1951219512195, 388.2276422764228, 252.03252032520325, 371.9674796747968, 291.0569105691057, 331.3170731707317, 368.2926829268293, 387.4146341463415, 397.5609756097561, 423.1869918699187, 430.8943089430894, 437.82113821138216, 434.9593495934959, 425.6260162601626, 408.9430894308943, 370.3414634146342, 392.6829268292683, 312.6178861788618, 413.8211382113821, 310.9918699186992, 419.5121951219512, 285.7886178861789, 443.9024390243903, 280.9105691056911, 466.6666666666667, 275.219512195122, 498.3739837398374, 276.0325203252033, 499.1869918699187, 255.7073170731707, 477.2357723577236, 253.2682926829268, 459.349593495935, 229.6910569105691, 484.5528455284553, 202.0487804878049, 508.9430894308943, 185.78861788617888, 514.6341463414634, 137.8211382113821, 497.5609756097561, 124.8130081300813, 492.6829268292683, 84.16260162601625, 477.2357723577236, 84.16260162601625, 469.9186991869919, 110.1788617886179, 434.9593495934959, 116.6829268292683, 424.390243902439, 102.86178861788619]], "area": 50236.0, "bbox": [186.0, 84.0, 329.0, 354.0], "iscrowd": 0}, {"id": 18, "image_id": 16, "category_id": 1, "segmentation": [[39.650124069478906, 30.024813895781637, 25.754342431761785, 44.66501240694789, 14.091811414392058, 75.68238213399503, 15.58064516129032, 82.87841191066997, 31.70967741935484, 83.12655086848635, 36.67245657568238, 78.41191066997519, 57.019851116625304, 86.35235732009924, 46.101736972704714, 107.94044665012406, 33.94292803970223, 109.92555831265508, 32.20595533498759, 117.86600496277914, 40.64267990074441, 122.82878411910669, 53.54590570719603, 118.61042183622828, 84.06699751861042, 83.87096774193547, 94.48883374689825, 80.3970223325062, 104.9106699751861, 79.40446650124069, 114.33995037220843, 89.33002481389578, 110.12158808933002, 94.5409429280397, 115.58064516129032, 102.23325062034739, 123.02481389578162, 95.03722084367246, 126.49875930521091, 87.34491315136476, 122.77667493796525, 77.66749379652605, 132.20595533498758, 85.35980148883374, 143.12406947890818, 95.78163771712158, 141.8833746898263, 104.71464019851116, 130.9652605459057, 109.92555831265508, 132.70223325062034, 114.64019851116625, 144.61290322580643, 118.61042183622828, 151.80893300248138, 115.38461538461537, 161.2382133995037, 92.80397022332505, 164.712158808933, 89.0818858560794, 170.91563275434243, 82.63027295285359, 176.12655086848633, 60.29776674937965, 171.1637717121588, 53.34987593052109, 174.14143920595532, 51.86104218362283, 183.32258064516128, 60.7940446650124, 216.8213399503722, 74.68982630272953, 230.9652605459057, 75.68238213399503, 234.1910669975186, 58.80893300248139, 223.272952853598, 46.89826302729528, 196.72208436724566, 30.272952853598014, 168.68238213399502, 15.384615384615383, 140.6426799007444, 3.9702233250620345, 110.86600496277914, 7.692307692307692, 71.41191066997519, 26.550868486352357, 48.583126550868485, 32.00992555831265, 43.868486352357316, 28.287841191066995]], "area": 13711.0, "bbox": [14.0, 3.0, 221.0, 120.0], "iscrowd": 0}, {"id": 19, "image_id": 17, "category_id": 1, "segmentation": [[103.91811414392059, 58.80893300248139, 87.04466501240694, 75.18610421836227, 82.33002481389578, 98.75930521091811, 83.0744416873449, 116.12903225806451, 100.94044665012406, 118.11414392059552, 118.55831265508684, 117.12158808933002, 126.00248138957815, 131.5136476426799, 133.44665012406946, 128.53598014888337, 129.47642679900744, 120.09925558312655, 133.1985111662531, 114.64019851116625, 138.16129032258064, 122.08436724565756, 144.11662531017367, 121.09181141439205, 140.39454094292802, 114.39205955334987, 143.12406947890818, 96.02977667493796, 143.62034739454094, 76.67493796526054, 140.39454094292802, 70.47146401985111, 130.46898263027293, 66.50124069478908, 119.55086848635234, 59.553349875930515]], "area": 3302.0, "bbox": [82.0, 58.0, 63.0, 74.0], "iscrowd": 0}, {"id": 20, "image_id": 18, "category_id": 1, "segmentation": [[45.59546925566343, 14.563106796116505, 43.97734627831716, 33.00970873786408, 52.39158576051781, 66.01941747572816, 60.15857605177993, 96.11650485436894, 62.423948220064744, 125.5663430420712, 62.423948220064744, 166.66666666666669, 43.97734627831716, 185.4368932038835, 43.97734627831716, 197.0873786407767, 54.98058252427185, 201.29449838187702, 50.12621359223303, 217.15210355987057, 76.01618122977348, 219.7411003236246, 85.40129449838187, 219.41747572815535, 85.07766990291262, 200.6472491909385, 95.75728155339806, 185.76051779935275, 107.73139158576052, 177.02265372168284, 125.20711974110034, 167.3139158576052, 144.94822006472492, 155.98705501618124, 152.06796116504856, 164.40129449838187, 143.0064724919094, 184.14239482200648, 147.53721682847896, 196.11650485436894, 159.51132686084142, 201.29449838187702, 172.45631067961168, 195.14563106796118, 166.63106796116506, 178.3171521035599, 168.24919093851133, 164.40129449838187, 169.8673139158576, 142.71844660194176, 192.5210355987055, 109.06148867313917, 188.63754045307445, 74.11003236245955, 169.54368932038835, 51.77993527508091, 168.24919093851133, 31.715210355987058, 159.51132686084142, 26.537216828478964, 134.26860841423948, 26.860841423948223, 81.84142394822007, 25.889967637540455, 64.36569579288027, 13.268608414239482, 49.802588996763774, 11.003236245954692]], "area": 20724.0, "bbox": [43.0, 11.0, 150.0, 209.0], "iscrowd": 0}, {"id": 21, "image_id": 19, "category_id": 1, "segmentation": [[89.52605459057071, 76.17866004962778, 82.57816377171216, 88.58560794044665, 73.64516129032258, 94.5409429280397, 62.230769230769226, 93.54838709677419, 66.20099255583126, 104.96277915632754, 73.14888337468982, 112.65508684863524, 76.12655086848635, 120.84367245657567, 89.27791563275434, 125.80645161290322, 104.66253101736972, 121.83622828784118, 109.87344913151364, 133.25062034739454, 98.45905707196029, 142.1836228287841, 95.97766749379652, 147.39454094292802, 102.6774193548387, 149.37965260545906, 123.02481389578162, 140.1985111662531, 135.92803970223324, 133.4987593052109, 142.8759305210918, 134.49131513647643, 138.16129032258064, 142.67990074441687, 149.82382133995037, 141.93548387096774, 169.17866004962778, 130.272952853598, 173.64516129032256, 127.29528535980148, 193.49627791563273, 128.78411910669973, 221.28784119106697, 113.39950372208436, 218.55831265508684, 102.23325062034739, 206.64764267990074, 100.74441687344913, 197.46650124069478, 109.42928039702232, 194.24069478908189, 96.77419354838709, 184.3151364764268, 76.42679900744416, 157.76426799007444, 62.282878411910666, 143.37220843672455, 59.30521091811414, 122.77667493796525, 69.72704714640199, 107.88833746898263, 76.67493796526054, 98.21091811414391, 80.3970223325062]], "area": 7916.0, "bbox": [62.0, 59.0, 160.0, 91.0], "iscrowd": 0}, {"id": 22, "image_id": 20, "category_id": 1, "segmentation": [[108.4367816091954, 97.70114942528735, 60.160919540229884, 139.08045977011494, 50.96551724137932, 157.4712643678161, 18.206896551724135, 172.41379310344828, 4.413793103448278, 187.93103448275863, 25.678160919540232, 212.64367816091954, 55.56321839080459, 216.09195402298852, 93.49425287356321, 256.32183908045977, 138.89655172413794, 266.0919540229885, 130.27586206896552, 277.58620689655174, 142.91954022988506, 296.55172413793105, 204.98850574712642, 321.264367816092, 215.90804597701148, 351.7241379310345, 271.08045977011494, 365.51724137931035, 287.17241379310343, 382.7586206896552, 315.3333333333333, 399.42528735632186, 334.2988505747127, 374.71264367816093, 368.7816091954023, 346.55172413793105, 376.82758620689657, 332.7586206896552, 460.735632183908, 360.3448275862069, 533.1494252873563, 364.367816091954, 560.735632183908, 352.2988505747127, 561.3103448275862, 329.3103448275862, 530.2758620689655, 301.7241379310345, 497.51724137931035, 307.4712643678161, 453.8390804597701, 286.2068965517241, 387.17241379310343, 264.367816091954, 356.71264367816093, 224.71264367816093, 386.5977011494253, 198.8505747126437, 400.39080459770116, 183.90804597701148, 392.91954022988506, 150.57471264367817, 382.57471264367814, 126.4367816091954, 345.2183908045977, 121.26436781609195, 352.11494252873564, 151.72413793103448, 337.7471264367816, 156.32183908045977, 318.2068965517241, 158.6206896551724, 269.35632183908046, 163.2183908045977, 256.13793103448273, 119.54022988505747, 252.11494252873564, 91.95402298850574, 217.05747126436782, 100.57471264367817, 193.49425287356323, 93.10344827586206, 171.08045977011494, 96.55172413793103]], "area": 80514.0, "bbox": [4.0, 91.0, 558.0, 309.0], "iscrowd": 0}, {"id": 23, "image_id": 21, "category_id": 1, "segmentation": [[188.68852459016392, 127.8688524590164, 129.672131147541, 152.45901639344262, 100.1639344262295, 195.08196721311475, 84.59016393442624, 271.3114754098361, 128.0327868852459, 397.5409836065574, 173.11475409836066, 480.327868852459, 191.14754098360658, 531.1475409836065, 219.01639344262298, 534.4262295081967, 224.75409836065575, 509.016393442623, 213.27868852459017, 466.39344262295083, 230.4918032786885, 433.60655737704917, 249.344262295082, 462.29508196721315, 241.9672131147541, 509.8360655737705, 240.327868852459, 537.7049180327868, 267.3770491803279, 551.6393442622951, 287.86885245901635, 531.1475409836065, 283.7704918032787, 514.7540983606558, 276.39344262295083, 503.27868852459017, 301.80327868852464, 454.91803278688525, 322.29508196721315, 396.72131147540983, 330.4918032786885, 318.0327868852459, 313.27868852459017, 277.04918032786884, 291.96721311475414, 223.7704918032787, 266.55737704918033, 187.70491803278688, 241.14754098360658, 158.19672131147541, 216.55737704918033, 140.1639344262295]], "area": 67097.0, "bbox": [84.0, 127.0, 247.0, 425.0], "iscrowd": 0}, {"id": 24, "image_id": 22, "category_id": 1, "segmentation": [[33.895261845386536, 10.473815461346634, 28.907730673316713, 25.685785536159603, 36.38902743142145, 59.600997506234414, 35.14214463840399, 86.0349127182045, 30.15461346633417, 140.64837905236908, 35.391521197007485, 174.5635910224439, 21.675810473815464, 181.79551122194513, 27.66084788029925, 189.02743142144638, 56.089775561097255, 182.5436408977556, 85.76558603491273, 177.5561097256858, 101.22693266832918, 180.0498753117207, 121.67581047381546, 180.54862842892769, 139.63092269326685, 187.78054862842893, 162.57356608478804, 183.0423940149626, 158.3341645885287, 174.5635910224439, 178.78304239401498, 170.32418952618454, 186.7630922693267, 161.59600997506234, 251.60099750623442, 163.0922693266833, 248.60847880299252, 154.6134663341646, 225.91521197007484, 137.1571072319202, 186.7630922693267, 136.40897755610973, 184.26932668329178, 100.99750623441398, 169.8054862842893, 74.3142144638404, 141.37655860349128, 55.36159600997507, 119.68079800498754, 48.12967581047382, 121.67581047381546, 23.19201995012469, 114.9426433915212, 6.483790523690773, 104.96758104738156, 5.486284289276808, 91.25187032418953, 14.962593516209477, 74.79301745635911, 17.206982543640898, 56.58852867830424, 19.201995012468828, 45.11720698254364, 12.219451371571074]], "area": 23687.0, "bbox": [21.0, 5.0, 231.0, 185.0], "iscrowd": 0}, {"id": 25, "image_id": 23, "category_id": 1, "segmentation": [[244.93023255813955, 69.55813953488372, 214.69767441860466, 110.83720930232559, 193.18604651162792, 158.51162790697674, 212.95348837209303, 241.65116279069767, 187.37209302325581, 249.7906976744186, 107.72093023255815, 234.09302325581396, 67.6046511627907, 218.97674418604652, 47.83720930232558, 231.7674418604651, 75.16279069767442, 250.37209302325584, 133.30232558139534, 260.25581395348837, 182.72093023255815, 279.4418604651163, 218.18604651162792, 280.0232558139535, 232.72093023255815, 315.48837209302326, 257.72093023255815, 324.7906976744186, 300.74418604651163, 310.25581395348837, 320.51162790697674, 291.06976744186045, 345.51162790697674, 314.90697674418607, 378.6511627906977, 335.25581395348837, 396.09302325581393, 370.72093023255815, 419.93023255813955, 372.4651162790698, 404.2325581395349, 297.4651162790698, 429.2325581395349, 295.13953488372096, 433.8837209302326, 331.7674418604651, 455.9767441860465, 367.2325581395349, 463.5348837209302, 357.3488372093023, 471.093023255814, 330.60465116279073, 472.25581395348837, 295.72093023255815, 490.8604651162791, 293.3953488372093, 503.06976744186045, 275.95348837209303, 505.3953488372093, 266.6511627906977, 523.4186046511628, 238.74418604651163, 525.1627906976744, 217.2325581395349, 509.4651162790698, 181.18604651162792, 521.0930232558139, 145.13953488372093, 512.953488372093, 136.41860465116278, 492.60465116279073, 150.95348837209303, 462.95348837209303, 134.67441860465115, 411.2093023255814, 89.32558139534883, 379.2325581395349, 68.97674418604652, 319.3488372093023, 46.883720930232556, 287.37209302325584, 55.02325581395348]], "area": 75788.0, "bbox": [47.0, 46.0, 479.0, 327.0], "iscrowd": 0}, {"id": 26, "image_id": 24, "category_id": 1, "segmentation": [[33.770491803278674, 100.81967213114754, 83.77049180327867, 176.22950819672133, 77.21311475409834, 272.95081967213116, 123.93442622950823, 391.8032786885246, 205.08196721311475, 472.95081967213116, 267.3770491803279, 472.1311475409836, 338.688524590164, 436.0655737704918, 357.54098360655735, 445.9016393442623, 350.1639344262295, 476.2295081967213, 423.11475409836066, 479.5081967213115, 414.0983606557377, 429.5081967213115, 425.0, 359.0, 425.0, 4.0, 123.93442622950823, 4.098360655737705, 100.1639344262295, 83.60655737704919, 94.42622950819674, 104.91803278688525]], "area": 149638.0, "bbox": [33.0, 4.0, 393.0, 476.0], "iscrowd": 0}, {"id": 27, "image_id": 25, "category_id": 1, "segmentation": [[33.77777777777777, 33.61823361823362, 26.370370370370367, 47.293447293447294, 29.789173789173788, 71.5099715099715, 39.190883190883184, 89.45868945868945, 32.06837606837607, 117.66381766381765, 46.3133903133903, 150.7122507122507, 67.1111111111111, 213.96011396011394, 73.0, 222.0, 225.0, 221.0, 225.0, 171.0, 186.48433048433046, 102.56410256410255, 177.36752136752136, 82.62108262108262, 193.89173789173788, 48.148148148148145, 187.6239316239316, 27.35042735042735, 170.52991452991452, 19.37321937321937, 151.15669515669515, 35.32763532763533, 140.04558404558404, 55.84045584045584, 92.75213675213675, 52.706552706552706, 77.65242165242165, 56.69515669515669, 70.24501424501423, 43.589743589743584, 52.011396011396, 32.76353276353276, 37.48148148148148, 31.62393162393162]], "area": 29115.0, "bbox": [26.0, 19.0, 200.0, 204.0], "iscrowd": 0}, {"id": 28, "image_id": 26, "category_id": 1, "segmentation": [[214.04918032786884, 79.50819672131148, 148.47540983606558, 149.18032786885246, 115.68852459016392, 264.75409836065575, 115.68852459016392, 387.7049180327869, 160.77049180327867, 470.4918032786885, 187.81967213114757, 490.1639344262295, 187.81967213114757, 535.2459016393443, 215.68852459016392, 526.2295081967213, 243.55737704918033, 513.1147540983607, 289.45901639344265, 479.5081967213115, 328.80327868852464, 422.1311475409836, 387.8196721311475, 355.7377049180328, 402.5737704918033, 331.1475409836066, 455.03278688524597, 303.27868852459017, 457.4918032786885, 264.75409836065575, 432.9016393442623, 197.54098360655738, 426.344262295082, 192.62295081967213, 386.1803278688525, 99.18032786885246, 332.9016393442623, 69.67213114754098, 282.9016393442623, 61.47540983606557, 230.44262295081967, 67.21311475409836]], "area": 108564.0, "bbox": [115.0, 61.0, 343.0, 475.0], "iscrowd": 0}, {"id": 29, "image_id": 27, "category_id": 1, "segmentation": [[212.14574898785423, 40.60728744939271, 208.0971659919028, 75.02024291497975, 191.90283400809716, 72.5910931174089, 173.68421052631578, 86.76113360323886, 148.17813765182186, 111.86234817813764, 131.57894736842104, 147.08502024291496, 119.4331983805668, 179.4736842105263, 129.55465587044534, 231.29554655870444, 142.1052631578947, 287.165991902834, 148.0, 296.0, 189.0, 296.0, 187.04453441295544, 276.2348178137652, 173.27935222672065, 226.84210526315786, 183.40080971659918, 216.3157894736842, 239.27125506072872, 198.9068825910931, 250.20242914979755, 224.81781376518217, 273.2793522267206, 228.46153846153845, 273.2793522267206, 202.14574898785423, 305.2631578947368, 203.7651821862348, 289.06882591093114, 187.16599190283398, 291.90283400809716, 147.89473684210526, 295.95141700404855, 104.57489878542509, 298.78542510121457, 74.61538461538461, 306.0728744939271, 50.32388663967611, 293.92712550607285, 41.821862348178136, 274.8987854251012, 42.63157894736842, 241.29554655870444, 44.65587044534413, 226.72064777327932, 43.84615384615384, 216.19433198380565, 42.22672064777328]], "area": 28248.0, "bbox": [119.0, 40.0, 188.0, 257.0], "iscrowd": 0}, {"id": 30, "image_id": 28, "category_id": 1, "segmentation": [[85.24945770065075, 48.88069414316703, 72.88503253796095, 64.06507592190889, 63.99132321041214, 83.587852494577, 37.960954446854664, 96.81995661605205, 34.92407809110629, 103.11062906724511, 48.15618221258134, 111.35357917570498, 63.77440347071583, 105.93058568329717, 81.99566160520607, 87.92624728850325, 89.587852494577, 96.16919739696311, 89.15401301518438, 108.3167028199566, 99.56616052060737, 120.24728850325378, 112.14750542299349, 122.63340563991324, 115.83514099783079, 118.51193058568329, 123.86117136659435, 115.69197396963123, 133.83947939262472, 112.65509761388286, 154.880694143167, 99.63991323210412, 159.8698481561822, 96.38611713665942, 176.78958785249458, 93.56616052060737, 178.9587852494577, 79.46637744034706, 176.78958785249458, 67.53579175704989, 178.9587852494577, 60.377440347071584, 161.82212581344902, 61.24511930585683, 145.11930585683297, 54.08676789587852, 136.44251626898046, 52.568329718004335, 116.91973969631236, 44.108459869848154, 99.34924078091106, 45.84381778741865]], "area": 6468.0, "bbox": [34.0, 44.0, 145.0, 79.0], "iscrowd": 0}, {"id": 31, "image_id": 29, "category_id": 1, "segmentation": [[315.27906976744185, 49.25581395348837, 308.30232558139534, 71.34883720930233, 312.37209302325584, 88.79069767441861, 305.9767441860465, 160.30232558139537, 320.51162790697674, 222.51162790697674, 347.83720930232556, 274.25581395348837, 362.37209302325584, 366.69767441860466, 335.6279069767442, 380.6511627906977, 385.6279069767442, 385.8837209302326, 394.34883720930236, 374.25581395348837, 400.74418604651163, 330.06976744186045, 421.6744186046512, 381.2325581395349, 451.90697674418607, 383.5581395348837, 454.2325581395349, 359.72093023255815, 478.06976744186045, 379.48837209302326, 546.6744186046511, 360.8837209302326, 537.3720930232558, 333.5581395348837, 501.90697674418607, 319.60465116279073, 486.2093023255814, 312.6279069767442, 468.1860465116279, 281.2325581395349, 471.093023255814, 242.8604651162791, 454.8139534883721, 189.95348837209303, 405.9767441860465, 110.88372093023256, 399.5813953488372, 78.90697674418605, 394.34883720930236, 46.34883720930233, 369.93023255813955, 52.74418604651163, 343.7674418604651, 54.48837209302326, 325.16279069767444, 47.51162790697674]], "area": 42410.0, "bbox": [305.0, 46.0, 242.0, 340.0], "iscrowd": 0}, {"id": 32, "image_id": 30, "category_id": 1, "segmentation": [[53.39735099337747, 3.642384105960265, 46.44370860927151, 14.23841059602649, 49.09271523178808, 45.033112582781456, 54.39072847682118, 61.58940397350993, 45.11920529801324, 103.64238410596026, 46.7748344370861, 164.23841059602648, 31.21192052980132, 179.47019867549668, 16.3112582781457, 214.23841059602648, 23.264900662251648, 223.841059602649, 43.132450331125824, 213.90728476821192, 54.05960264900662, 194.3708609271523, 74.9205298013245, 209.60264900662253, 95.4503311258278, 185.09933774834437, 100.08609271523179, 215.89403973509934, 84.523178807947, 237.41721854304635, 105.71523178807948, 247.35099337748343, 113.99337748344371, 240.0662251655629, 126.57615894039736, 218.54304635761588, 142.47019867549668, 200.9933774834437, 162.33774834437085, 204.96688741721854, 175.9139072847682, 185.76158940397352, 168.96026490066225, 163.57615894039736, 154.72185430463577, 150.9933774834437, 163.9933774834437, 139.73509933774835, 140.48344370860926, 68.54304635761589, 129.2251655629139, 44.370860927152314, 120.28476821192052, 9.933774834437086, 103.39735099337747, 0.0, 69.95364238410596, 3.3112582781456954]], "area": 22554.0, "bbox": [16.0, 0.0, 160.0, 248.0], "iscrowd": 0}, {"id": 33, "image_id": 31, "category_id": 1, "segmentation": [[75.09003215434083, 34.08360128617363, 66.7299035369775, 44.69453376205788, 68.33762057877814, 53.69774919614148, 51.617363344051455, 63.66559485530547, 45.829581993569136, 58.19935691318328, 46.47266881028939, 81.02893890675242, 40.363344051446944, 172.9903536977492, 37.14790996784566, 245.65916398713827, 44.54340836012862, 240.83601286173635, 50.009646302250815, 212.2186495176849, 57.72668810289389, 207.07395498392285, 71.2315112540193, 159.4855305466238, 87.95176848874598, 130.2250803858521, 101.77813504823152, 114.14790996784566, 114.9614147909968, 108.36012861736334, 123.96463022508038, 86.81672025723473, 123.96463022508038, 78.77813504823152, 135.54019292604502, 66.88102893890675, 134.89710610932477, 60.450160771704184, 127.82315112540195, 58.52090032154341, 117.85530546623795, 57.556270096463024, 111.74598070739552, 60.128617363344055, 92.13183279742765, 52.41157556270097, 86.66559485530547, 41.47909967845659, 78.9485530546624, 34.08360128617363]], "area": 8432.0, "bbox": [37.0, 34.0, 99.0, 212.0], "iscrowd": 0}, {"id": 34, "image_id": 32, "category_id": 1, "segmentation": [[130.93203883495144, 105.8252427184466, 106.66019417475727, 145.63106796116506, 84.33009708737863, 158.25242718446603, 44.03883495145631, 164.07766990291262, 36.271844660194176, 188.3495145631068, 46.46601941747572, 211.16504854368932, 87.72815533980582, 208.252427184466, 117.82524271844659, 206.31067961165047, 142.09708737864077, 244.66019417475727, 161.02912621359224, 276.6990291262136, 164.9126213592233, 303.88349514563106, 168.31067961165047, 324.2718446601942, 190.15533980582524, 333.00970873786406, 202.29126213592232, 322.33009708737865, 198.40776699029126, 310.19417475728153, 184.33009708737865, 296.11650485436894, 193.06796116504853, 283.49514563106794, 212.97087378640776, 290.2912621359223, 212.97087378640776, 308.252427184466, 234.33009708737865, 321.84466019417476, 245.00970873786406, 322.33009708737865, 245.98058252427182, 290.7766990291262, 262.97087378640776, 291.2621359223301, 284.81553398058253, 286.40776699029124, 299.378640776699, 307.28155339805824, 314.4271844660194, 315.53398058252424, 321.70873786407765, 309.22330097087377, 314.9126213592233, 283.9805825242718, 322.19417475728153, 258.7378640776699, 335.7864077669903, 235.92233009708738, 348.40776699029124, 218.93203883495144, 345.00970873786406, 195.14563106796115, 353.26213592233006, 170.873786407767, 346.4660194174757, 158.25242718446603, 327.04854368932035, 163.10679611650485, 310.05825242718447, 154.85436893203882, 272.6796116504854, 108.25242718446601, 234.33009708737865, 84.9514563106796, 195.00970873786406, 80.58252427184466, 154.71844660194174, 90.29126213592232]], "area": 44907.0, "bbox": [36.0, 80.0, 318.0, 254.0], "iscrowd": 0}, {"id": 35, "image_id": 33, "category_id": 1, "segmentation": [[406.83760683760687, 7.068376068376068, 401.70940170940173, 42.111111111111114, 427.35042735042737, 73.73504273504275, 421.3675213675214, 133.56410256410257, 435.04273504273505, 166.8974358974359, 429.91452991452996, 195.95726495726495, 389.7435897435898, 249.80341880341882, 358.11965811965814, 262.62393162393164, 332.4786324786325, 357.4957264957265, 342.7350427350428, 431.85470085470087, 274.35897435897436, 431.85470085470087, 130.76923076923077, 447.2393162393163, 101.70940170940172, 466.8974358974359, 99.14529914529915, 499.37606837606836, 116.23931623931625, 511.34188034188037, 347.00854700854705, 504.50427350427356, 404.2735042735043, 525.8717948717949, 435.8974358974359, 510.48717948717956, 538.4615384615385, 507.0683760683761, 547.008547008547, 525.8717948717949, 610.2564102564103, 529.2905982905984, 576.0683760683761, 476.2991452991454, 616.2393162393163, 454.931623931624, 617.948717948718, 522.4529914529915, 687.1794871794872, 527.5811965811967, 651.2820512820513, 488.2649572649573, 649.5726495726497, 396.8119658119658, 658.974358974359, 303.6495726495727, 638.4615384615385, 195.10256410256414, 605.1282051282052, 73.73504273504275, 628.2051282051283, 22.452991452991455, 611.965811965812, 1.0854700854700923, 604.0, 0.0, 544.4444444444445, 28.435897435897445, 476.0683760683761, 31.854700854700866, 435.04273504273505, 1.0854700854700923]], "area": 146800.0, "bbox": [99.0, 0.0, 589.0, 530.0], "iscrowd": 0}, {"id": 36, "image_id": 34, "category_id": 1, "segmentation": [[112.85111662531017, 10.421836228287841, 110.86600496277914, 22.828784119106697, 102.92555831265508, 47.89081885856079, 59.501240694789075, 62.034739454094286, 48.334987593052105, 89.82630272952854, 48.583126550868485, 112.15880893300248, 34.687344913151364, 132.5062034739454, 42.13151364764268, 159.8014888337469, 60.245657568238215, 163.0272952853598, 67.19354838709677, 158.06451612903226, 66.20099255583126, 132.75434243176178, 102.42928039702232, 143.424317617866, 127.49131513647643, 138.9578163771712, 145.85359801488832, 137.46898263027293, 151.31265508684862, 133.4987593052109, 143.62034739454094, 118.61042183622828, 136.17617866004963, 108.18858560794044, 136.17617866004963, 90.32258064516128, 142.13151364764266, 85.8560794044665, 173.64516129032256, 74.19354838709677, 171.90818858560792, 61.04218362282878, 146.1017369727047, 70.22332506203473, 154.7866004962779, 52.605459057071954, 162.23076923076923, 41.439205955334984, 157.26799007444168, 26.302729528535977, 157.76426799007444, 11.910669975186103, 144.11662531017367, 14.392059553349876, 125.00992555831266, 15.880893300248138, 120.29528535980148, 10.173697270471463]], "area": 11309.0, "bbox": [34.0, 10.0, 140.0, 154.0], "iscrowd": 0}, {"id": 37, "image_id": 35, "category_id": 1, "segmentation": [[73.89330024813896, 44.41687344913151, 75.63027295285359, 65.01240694789081, 70.66749379652605, 83.87096774193547, 73.89330024813896, 131.2655086848635, 84.56327543424317, 151.61290322580643, 82.0818858560794, 162.7791563275434, 88.5334987593052, 164.76426799007444, 99.4516129032258, 132.00992555831266, 107.88833746898263, 131.01736972704714, 111.3622828784119, 140.69478908188586, 110.86600496277914, 154.83870967741936, 107.39205955334987, 171.4640198511166, 118.55831265508684, 170.71960297766748, 122.03225806451613, 160.29776674937963, 137.41687344913151, 141.93548387096774, 142.8759305210918, 143.17617866004963, 151.56079404466502, 152.60545905707195, 159.00496277915633, 152.60545905707195, 173.64516129032256, 141.93548387096774, 179.848635235732, 127.54342431761786, 192.00744416873448, 135.98014888337468, 218.55831265508684, 140.1985111662531, 242.37965260545903, 139.9503722084367, 246.59801488833745, 117.3697270471464, 241.8833746898263, 111.66253101736972, 229.97270471464017, 111.9106699751861, 205.9032258064516, 102.23325062034739, 190.51861042183623, 88.83374689826302, 182.0818858560794, 67.74193548387096, 163.71960297766748, 46.15384615384615, 144.11662531017367, 40.44665012406948, 121.78411910669973, 34.7394540942928, 109.12903225806451, 42.92803970223325, 104.41439205955334, 48.8833746898263, 92.75186104218362, 50.62034739454094, 81.58560794044665, 45.65756823821339]], "area": 13713.0, "bbox": [70.0, 34.0, 177.0, 138.0], "iscrowd": 0}, {"id": 38, "image_id": 36, "category_id": 1, "segmentation": [[16.012618296529965, 25.55205047318612, 16.012618296529965, 45.74132492113565, 35.57097791798107, 65.61514195583597, 19.16719242902208, 96.52996845425868, 10.018927444794954, 138.4858044164038, 8.441640378548897, 180.75709779179812, 10.33438485804416, 194.6372239747634, 49.45110410094638, 196.5299684542587, 51.343848580441644, 216.403785488959, 68.37854889589906, 225.86750788643533, 86.99053627760253, 219.5583596214511, 97.40063091482651, 207.57097791798108, 96.13880126182966, 198.42271293375396, 109.70347003154575, 200.0, 202.76340694006308, 203.78548895899053, 201.50157728706625, 159.93690851735016, 183.83596214511041, 134.06940063091483, 187.62145110410097, 106.62460567823344, 160.49211356466878, 77.602523659306, 175.0031545741325, 59.62145110410095, 171.8485804416404, 34.38485804416404, 150.71293375394322, 39.11671924290221, 127.68454258675078, 49.21135646687697, 103.0788643533123, 46.68769716088328, 65.85488958990535, 48.89589905362776, 37.463722397476346, 29.652996845425868]], "area": 27880.0, "bbox": [8.0, 25.0, 195.0, 201.0], "iscrowd": 0}, {"id": 39, "image_id": 37, "category_id": 1, "segmentation": [[250.24875621890544, 40.298507462686565, 237.31343283582086, 66.16915422885572, 266.1691542288557, 117.91044776119402, 256.7164179104477, 142.7860696517413, 275.62189054726366, 210.94527363184076, 278.10945273631836, 271.14427860696514, 242.78606965174126, 309.4527363184079, 248.75621890547262, 341.2935323383084, 264.17910447761193, 333.83084577114425, 270.14925373134326, 316.9154228855721, 284.57711442786064, 306.9651741293532, 305.97014925373134, 301.99004975124376, 324.3781094527363, 349.7512437810945, 335.3233830845771, 386.0696517412935, 497.01492537313425, 385.0746268656716, 496.01990049751237, 320.3980099502487, 488.0597014925373, 287.56218905472633, 477.1144278606965, 228.35820895522386, 493.53233830845767, 197.0149253731343, 489.05472636815915, 160.6965174129353, 467.6616915422885, 155.2238805970149, 447.7611940298507, 182.5870646766169, 428.8557213930348, 155.2238805970149, 412.4378109452736, 99.50248756218905, 395.0248756218905, 74.12935323383084, 402.98507462686564, 51.741293532338304, 390.54726368159197, 21.393034825870643, 376.1194029850746, 31.343283582089548, 367.6616915422885, 49.253731343283576, 347.26368159203975, 61.69154228855721, 301.99004975124376, 64.17910447761193, 279.10447761194024, 51.741293532338304]], "area": 63680.0, "bbox": [237.0, 21.0, 261.0, 366.0], "iscrowd": 0}, {"id": 40, "image_id": 38, "category_id": 1, "segmentation": [[64.46401985111662, 77.66749379652605, 43.12406947890818, 94.78908188585608, 37.168734491315135, 101.24069478908189, 31.46153846153846, 116.62531017369726, 24.761786600496276, 137.9652605459057, 35.4317617866005, 141.1910669975186, 86.05210918114143, 137.22084367245657, 139.15384615384613, 132.75434243176178, 235.67990074441687, 127.79156327543423, 224.5136476426799, 115.38461538461537, 211.3622828784119, 113.15136476426798, 200.69230769230768, 110.17369727047145, 209.62531017369724, 87.34491315136476, 216.32506203473943, 78.66004962779157, 213.5955334987593, 62.282878411910666, 218.06203473945408, 50.12406947890818, 213.3473945409429, 43.17617866004962, 198.45905707196027, 48.8833746898263, 176.37468982630273, 48.13895781637717, 160.99007444168734, 41.19106699751861, 153.7940446650124, 49.37965260545906, 159.99751861042182, 60.049627791563275, 145.35732009925556, 71.712158808933, 129.9727047146402, 73.44913151364764, 125.50620347394539, 74.44168734491315, 97.46650124069478, 70.22332506203473, 89.77419354838709, 74.19354838709677, 66.94540942928039, 73.94540942928039]], "area": 12407.0, "bbox": [24.0, 41.0, 212.0, 101.0], "iscrowd": 0}, {"id": 41, "image_id": 39, "category_id": 1, "segmentation": [[292.67816091954023, 106.62068965517241, 224.86206896551724, 108.91954022988506, 148.42528735632183, 161.2183908045977, 128.31034482758622, 213.51724137931035, 102.44827586206897, 264.0919540229885, 121.98850574712644, 281.3333333333333, 167.9655172413793, 234.20689655172413, 182.33333333333334, 248.0, 162.2183908045977, 279.0344827586207, 189.22988505747128, 301.44827586206895, 215.66666666666666, 298.0, 266.81609195402297, 310.0689655172414, 290.95402298850576, 299.14942528735634, 259.91954022988506, 276.735632183908, 269.11494252873564, 247.42528735632183, 281.7586206896552, 248.0, 301.2988505747126, 288.8045977011494, 301.8735632183908, 305.4712643678161, 310.4942528735632, 323.86206896551727, 334.632183908046, 311.2183908045977, 328.3103448275862, 274.4367816091954, 331.18390804597703, 258.3448275862069, 344.97701149425285, 258.91954022988506, 359.91954022988506, 285.35632183908046, 371.41379310344826, 298.0, 416.2413793103448, 293.97701149425285, 396.7011494252874, 277.3103448275862, 397.85057471264366, 239.95402298850576, 409.91954022988506, 221.5632183908046, 439.8045977011494, 215.816091954023, 457.62068965517244, 182.48275862068965, 454.7471264367816, 170.98850574712642, 470.8390804597701, 146.27586206896552, 466.2413793103448, 138.80459770114942, 440.3793103448276, 137.6551724137931, 428.88505747126436, 138.80459770114942, 377.735632183908, 125.01149425287356, 358.7701149425287, 119.83908045977012, 339.8045977011494, 115.816091954023, 334.632183908046, 123.28735632183908, 320.264367816092, 117.54022988505747]], "area": 49444.0, "bbox": [102.0, 106.0, 369.0, 218.0], "iscrowd": 0}], "categories": [{"supercategory": null, "id": 0, "name": "_background_"}, {"supercategory": null, "id": 1, "name": "raccoon"}]}